{"count":1,"gauges":{},"self":35.4111936,"total":37.7771924,"children":{"AgentResetIfDone":{"count":1850,"self":0.0178326,"total":0.0178326,"children":null},"AgentSendState":{"count":1850,"self":0.059774499999999994,"total":0.174068,"children":{"CollectObservations":{"count":1850,"self":0.11429349999999999,"total":0.11429349999999999,"children":null}}},"DecideAction":{"count":1850,"self":2.1481011999999997,"total":2.1481013,"children":null},"AcademyStep":{"count":1850,"self":0.0060355999999999995,"total":0.0060355999999999995,"children":null},"AgentAct":{"count":1850,"self":0.0189427,"total":0.0189427,"children":null}}}