{"count":1,"gauges":{},"self":12.7816504,"total":13.626721799999999,"children":{"AgentResetIfDone":{"count":627,"self":0.012829199999999999,"total":0.012829199999999999,"children":null},"AgentSendState":{"count":627,"self":0.0189224,"total":0.0438193,"children":{"CollectObservations":{"count":627,"self":0.0248969,"total":0.0248969,"children":null}}},"DecideAction":{"count":627,"self":0.77535179999999992,"total":0.77535179999999992,"children":null},"AcademyStep":{"count":627,"self":0.0030077999999999997,"total":0.0030077999999999997,"children":null},"AgentAct":{"count":627,"self":0.0080682,"total":0.0080682,"children":null}}}