{"count":1,"gauges":{},"self":47.411967999999995,"total":51.333052699999996,"children":{"AgentResetIfDone":{"count":2535,"self":0.058724,"total":0.058724,"children":null},"AgentSendState":{"count":2535,"self":0.113118,"total":0.2930616,"children":{"CollectObservations":{"count":2535,"self":0.17994359999999998,"total":0.17994359999999998,"children":null}}},"DecideAction":{"count":2535,"self":3.5009036,"total":3.5009036,"children":null},"AcademyStep":{"count":2535,"self":0.0129349,"total":0.0129349,"children":null},"AgentAct":{"count":2535,"self":0.0534747,"total":0.0534747,"children":null}}}