{"count":1,"gauges":{},"self":20.162879999999998,"total":21.8429841,"children":{"AgentResetIfDone":{"count":1023,"self":0.0239049,"total":0.0239049,"children":null},"AgentSendState":{"count":1023,"self":0.0390118,"total":0.0748658,"children":{"CollectObservations":{"count":1023,"self":0.035854,"total":0.035854,"children":null}}},"DecideAction":{"count":1023,"self":1.5604589,"total":1.5604589,"children":null},"AcademyStep":{"count":1023,"self":0.0039201999999999996,"total":0.0039201999999999996,"children":null},"AgentAct":{"count":1023,"self":0.0159569,"total":0.0159569,"children":null}}}