{"count":1,"gauges":{},"self":47.8581632,"total":54.4693762,"children":{"AgentResetIfDone":{"count":2671,"self":0.080600999999999992,"total":0.080600999999999992,"children":null},"AgentSendState":{"count":2671,"self":0.1810607,"total":0.4578755,"children":{"CollectObservations":{"count":2671,"self":0.27681479999999997,"total":0.27681479999999997,"children":null}}},"DecideAction":{"count":2671,"self":5.9588855999999994,"total":5.9588855,"children":null},"AcademyStep":{"count":2671,"self":0.0249899,"total":0.0249899,"children":null},"AgentAct":{"count":2671,"self":0.087864,"total":0.087864,"children":null}}}