{"count":1,"gauges":{},"self":30.1643136,"total":32.193889999999996,"children":{"AgentResetIfDone":{"count":1571,"self":0.024885499999999998,"total":0.024885499999999998,"children":null},"AgentSendState":{"count":1571,"self":0.0687609,"total":0.1609112,"children":{"CollectObservations":{"count":1571,"self":0.092150299999999991,"total":0.092150299999999991,"children":null}}},"DecideAction":{"count":1571,"self":1.8093658,"total":1.8093658,"children":null},"AcademyStep":{"count":1571,"self":0.0131354,"total":0.0131354,"children":null},"AgentAct":{"count":1571,"self":0.0202798,"total":0.0202798,"children":null}}}