{"count":1,"gauges":{},"self":39.4427072,"total":42.353577099999995,"children":{"AgentResetIfDone":{"count":2077,"self":0.0338406,"total":0.0338406,"children":null},"AgentSendState":{"count":2077,"self":0.0907296,"total":0.2290787,"children":{"CollectObservations":{"count":2077,"self":0.1383491,"total":0.1383491,"children":null}}},"DecideAction":{"count":2077,"self":2.6079559999999997,"total":2.6079561,"children":null},"AcademyStep":{"count":2077,"self":0.0080199,"total":0.0080199,"children":null},"AgentAct":{"count":2077,"self":0.0290204,"total":0.0290204,"children":null}}}