{"count":1,"gauges":{},"self":46.167136,"total":49.960277299999994,"children":{"AgentResetIfDone":{"count":2434,"self":0.0457317,"total":0.0457317,"children":null},"AgentSendState":{"count":2434,"self":0.1035562,"total":0.2678444,"children":{"CollectObservations":{"count":2434,"self":0.1642882,"total":0.1642882,"children":null}}},"DecideAction":{"count":2434,"self":3.4063803999999998,"total":3.4063805,"children":null},"AcademyStep":{"count":2434,"self":0.0169377,"total":0.0169377,"children":null},"AgentAct":{"count":2434,"self":0.0542533,"total":0.0542533,"children":null}}}