{"count":1,"gauges":{},"self":26.5808432,"total":28.3147019,"children":{"AgentResetIfDone":{"count":1113,"self":0.020942799999999998,"total":0.020942799999999998,"children":null},"AgentSendState":{"count":1113,"self":0.0438983,"total":0.16822009999999998,"children":{"CollectObservations":{"count":1113,"self":0.1243218,"total":0.1243218,"children":null}}},"DecideAction":{"count":1113,"self":1.5135881999999998,"total":1.5135881999999998,"children":null},"AcademyStep":{"count":1113,"self":0.0080356,"total":0.0080356,"children":null},"AgentAct":{"count":1113,"self":0.0220747,"total":0.0220747,"children":null}}}