{"count":1,"gauges":{},"self":19.1045744,"total":20.1869755,"children":{"AgentResetIfDone":{"count":665,"self":0.0129319,"total":0.0129319,"children":null},"AgentSendState":{"count":665,"self":0.0239507,"total":0.0706511,"children":{"CollectObservations":{"count":665,"self":0.046700399999999996,"total":0.046700399999999996,"children":null}}},"DecideAction":{"count":665,"self":0.98581579999999991,"total":0.98581579999999991,"children":null},"AcademyStep":{"count":665,"self":0.0019965,"total":0.0019965,"children":null},"AgentAct":{"count":665,"self":0.0090122,"total":0.0090122,"children":null}}}