{"count":1,"gauges":{},"self":14.596636799999999,"total":15.555171399999999,"children":{"AgentResetIfDone":{"count":738,"self":0.015922,"total":0.015922,"children":null},"AgentSendState":{"count":738,"self":0.0129401,"total":0.0506949,"children":{"CollectObservations":{"count":738,"self":0.0377548,"total":0.0377548,"children":null}}},"DecideAction":{"count":738,"self":0.8778336,"total":0.8778336,"children":null},"AcademyStep":{"count":738,"self":0.0060182,"total":0.0060182,"children":null},"AgentAct":{"count":738,"self":0.0070681999999999993,"total":0.0070681999999999993,"children":null}}}